{
  "Luzon":[
    {
      "flightNumber": "PR185",
      "bookingNumber": "XJ72KL",
      "pin": "218493",
      "airline": "Philippine Airlines",
      "departureCity": "Cebu",
      "arrivalCity": "Manila",
      "departureTime": "2025-05-17T06:30:00",
      "arrivalTime": "2025-05-17T07:45:00",
      "checkInOpen": "2025-05-17T04:30:00",
      "checkInClose": "2025-05-17T06:00:00",
      "flightStatus": "On Time",
      "airport": "Mactan-Cebu International Airport",
      "baggageAllowance": "10kg",
      "class": "Business",
      "gate": "C18",
      "seat": "13L",
      "duration": "1h 15m"
    },
    {
      "flightNumber": "5J852",
      "bookingNumber": "B9C4TR",
      "pin": "705381",
      "airline": "Cebu Pacific",
      "departureCity": "Cebu",
      "arrivalCity": "Davao",
      "departureTime": "2025-05-17T08:00:00",
      "arrivalTime": "2025-05-17T09:30:00",
      "checkInOpen": "2025-05-17T06:00:00",
      "checkInClose": "2025-05-17T07:30:00",
      "flightStatus": "Delayed",
      "airport": "Mactan-Cebu International Airport",
      "baggageAllowance": "15kg",
      "class": "Business",
      "gate": "D22",
      "seat": "03A",
      "duration": "1h 30m"
    },
    {
      "flightNumber": "DG6412",
      "bookingNumber": "QW8Z1N",
      "pin": "349027",
      "airline": "Cebgo",
      "departureCity": "Cebu",
      "arrivalCity": "Bacolod",
      "departureTime": "2025-05-17T09:15:00",
      "arrivalTime": "2025-05-17T10:10:00",
      "checkInOpen": "2025-05-17T07:15:00",
      "checkInClose": "2025-05-17T08:45:00",
      "flightStatus": "On Time",
      "airport": "Mactan-Cebu International Airport",
      "baggageAllowance": "0",
      "class": "Business",
      "gate": "E5",
      "seat": "20U",
      "duration": "0h 55m"
    },
    {
      "flightNumber": "Z2875",
      "bookingNumber": "M3L7PE",
      "pin": "194862",
      "airline": "Philippines AirAsia",
      "departureCity": "Cebu",
      "arrivalCity": "Clark",
      "departureTime": "2025-05-17T11:00:00",
      "arrivalTime": "2025-05-17T12:20:00",
      "checkInOpen": "2025-05-17T09:00:00",
      "checkInClose": "2025-05-17T10:30:00",
      "flightStatus": "Boarding",
      "airport": "Mactan-Cebu International Airport",
      "baggageAllowance": "20kg",
      "class": "Business",
      "gate": "F3",
      "seat": "15R",
      "duration": "1h 20m"
    },
    {
      "flightNumber": "PR2331",
      "bookingNumber": "TG94VX",
      "pin": "870135",
      "airline": "Philippine Airlines",
      "departureCity": "Cebu",
      "arrivalCity": "Caticlan",
      "departureTime": "2025-05-17T12:45:00",
      "arrivalTime": "2025-05-17T13:45:00",
      "checkInOpen": "2025-05-17T10:45:00",
      "checkInClose": "2025-05-17T12:15:00",
      "flightStatus": "Cancelled",
      "airport": "Mactan-Cebu International Airport",
      "baggageAllowance": "12kg",
      "class": "Business",
      "gate": "G15",
      "seat": "15A",
      "duration": "1h 0m"
    },
    {
      "flightNumber": "5J568",
      "bookingNumber": "RK51DZ",
      "pin": "560912",
      "airline": "Cebu Pacific",
      "departureCity": "Cebu",
      "arrivalCity": "Iloilo",
      "departureTime": "2025-05-17T14:00:00",
      "arrivalTime": "2025-05-17T15:00:00",
      "checkInOpen": "2025-05-17T12:00:00",
      "checkInClose": "2025-05-17T13:30:00",
      "flightStatus": "On Time",
      "airport": "Mactan-Cebu International Airport",
      "baggageAllowance": "20kg",
      "class": "Economy",
      "gate": "H8",
      "seat": "12B",
      "duration": "1h 0m"
    },
    {
      "flightNumber": "TR385",
      "bookingNumber": "AF8JQ2",
      "pin": "483701",
      "airline": "Scoot",
      "departureCity": "Cebu",
      "arrivalCity": "Singapore",
      "departureTime": "2025-05-17T16:20:00",
      "arrivalTime": "2025-05-17T19:45:00",
      "checkInOpen": "2025-05-17T14:20:00",
      "checkInClose": "2025-05-17T15:50:00",
      "flightStatus": "On Time",
      "airport": "Mactan-Cebu International Airport",
      "baggageAllowance": "10kg",
      "class": "Economy",
      "gate": "T1",
      "seat": "15O",
      "duration": "3h 25m"
    },
    {
      "flightNumber": "Z2611",
      "bookingNumber": "N7WYKL",
      "pin": "637204",
      "airline": "Philippines AirAsia",
      "departureCity": "Cebu",
      "arrivalCity": "Manila",
      "departureTime": "2025-05-17T17:45:00",
      "arrivalTime": "2025-05-17T19:00:00",
      "checkInOpen": "2025-05-17T15:45:00",
      "checkInClose": "2025-05-17T17:15:00",
      "flightStatus": "Delayed",
      "airport": "Mactan-Cebu International Airport",
      "baggageAllowance": "10kg",
      "class": "Economy",
      "gate": "M9",
      "seat": "21R",
      "duration": "1h 15m"
    },
    {
      "flightNumber": "PR410",
      "bookingNumber": "HZ24MC",
      "pin": "102748",
      "airline": "Philippine Airlines",
      "departureCity": "Cebu",
      "arrivalCity": "Tokyo (Narita)",
      "departureTime": "2025-05-17T19:00:00",
      "arrivalTime": "2025-05-17T23:30:00",
      "checkInOpen": "2025-05-17T17:00:00",
      "checkInClose": "2025-05-17T18:30:00",
      "flightStatus": "On Time",
      "airport": "Mactan-Cebu International Airport",
      "baggageAllowance": "20kg",
      "class": "Economy",
      "gate": "B7",
      "seat": "15I",
      "duration": "4h 30m"
    },
    {
      "flightNumber": "5J573",
      "bookingNumber": "VXP3G9",
      "pin": "396150",
      "airline": "Cebu Pacific",
      "departureCity": "Cebu",
      "arrivalCity": "General Santos",
      "departureTime": "2025-05-17T20:30:00",
      "arrivalTime": "2025-05-17T22:00:00",
      "checkInOpen": "2025-05-17T18:30:00",
      "checkInClose": "2025-05-17T20:00:00",
      "flightStatus": "Boarding",
      "airport": "Mactan-Cebu International Airport",
      "baggageAllowance": "10kg",
      "class": "Economy",
      "gate": "A12",
      "seat": "17M",
      "duration": "1h 30m"
    }
  ],
  "Visayas":[
    {
      "flightNumber": "PR185",
      "bookingNumber": "XJ72KL",
      "pin": "218493",
      "airline": "Philippine Airlines",
      "departureCity": "Cebu",
      "arrivalCity": "Manila",
      "departureTime": "2025-05-17T06:30:00",
      "arrivalTime": "2025-05-17T07:45:00",
      "checkInOpen": "2025-05-17T04:30:00",
      "checkInClose": "2025-05-17T06:00:00",
      "flightStatus": "On Time",
      "airport": "Mactan-Cebu International Airport",
      "baggageAllowance": "10kg",
      "class": "Business",
      "gate": "C18",
      "seat": "13L",
      "duration": "1h 15m"
    },
    {
      "flightNumber": "5J852",
      "bookingNumber": "B9C4TR",
      "pin": "705381",
      "airline": "Cebu Pacific",
      "departureCity": "Cebu",
      "arrivalCity": "Davao",
      "departureTime": "2025-05-17T08:00:00",
      "arrivalTime": "2025-05-17T09:30:00",
      "checkInOpen": "2025-05-17T06:00:00",
      "checkInClose": "2025-05-17T07:30:00",
      "flightStatus": "Delayed",
      "airport": "Mactan-Cebu International Airport",
      "baggageAllowance": "15kg",
      "class": "Business",
      "gate": "D22",
      "seat": "03A",
      "duration": "1h 30m"
    },
    {
      "flightNumber": "DG6412",
      "bookingNumber": "QW8Z1N",
      "pin": "349027",
      "airline": "Cebgo",
      "departureCity": "Cebu",
      "arrivalCity": "Bacolod",
      "departureTime": "2025-05-17T09:15:00",
      "arrivalTime": "2025-05-17T10:10:00",
      "checkInOpen": "2025-05-17T07:15:00",
      "checkInClose": "2025-05-17T08:45:00",
      "flightStatus": "On Time",
      "airport": "Mactan-Cebu International Airport",
      "baggageAllowance": "0",
      "class": "Business",
      "gate": "E5",
      "seat": "20U",
      "duration": "0h 55m"
    },
    {
      "flightNumber": "Z2875",
      "bookingNumber": "M3L7PE",
      "pin": "194862",
      "airline": "Philippines AirAsia",
      "departureCity": "Cebu",
      "arrivalCity": "Clark",
      "departureTime": "2025-05-17T11:00:00",
      "arrivalTime": "2025-05-17T12:20:00",
      "checkInOpen": "2025-05-17T09:00:00",
      "checkInClose": "2025-05-17T10:30:00",
      "flightStatus": "Boarding",
      "airport": "Mactan-Cebu International Airport",
      "baggageAllowance": "20kg",
      "class": "Business",
      "gate": "F3",
      "seat": "15R",
      "duration": "1h 20m"
    },
    {
      "flightNumber": "PR2331",
      "bookingNumber": "TG94VX",
      "pin": "870135",
      "airline": "Philippine Airlines",
      "departureCity": "Cebu",
      "arrivalCity": "Caticlan",
      "departureTime": "2025-05-17T12:45:00",
      "arrivalTime": "2025-05-17T13:45:00",
      "checkInOpen": "2025-05-17T10:45:00",
      "checkInClose": "2025-05-17T12:15:00",
      "flightStatus": "Cancelled",
      "airport": "Mactan-Cebu International Airport",
      "baggageAllowance": "12kg",
      "class": "Business",
      "gate": "G15",
      "seat": "15A",
      "duration": "1h 0m"
    },
    {
      "flightNumber": "5J568",
      "bookingNumber": "RK51DZ",
      "pin": "560912",
      "airline": "Cebu Pacific",
      "departureCity": "Cebu",
      "arrivalCity": "Iloilo",
      "departureTime": "2025-05-17T14:00:00",
      "arrivalTime": "2025-05-17T15:00:00",
      "checkInOpen": "2025-05-17T12:00:00",
      "checkInClose": "2025-05-17T13:30:00",
      "flightStatus": "On Time",
      "airport": "Mactan-Cebu International Airport",
      "baggageAllowance": "20kg",
      "class": "Economy",
      "gate": "H8",
      "seat": "12B",
      "duration": "1h 0m"
    },
    {
      "flightNumber": "TR385",
      "bookingNumber": "AF8JQ2",
      "pin": "483701",
      "airline": "Scoot",
      "departureCity": "Cebu",
      "arrivalCity": "Singapore",
      "departureTime": "2025-05-17T16:20:00",
      "arrivalTime": "2025-05-17T19:45:00",
      "checkInOpen": "2025-05-17T14:20:00",
      "checkInClose": "2025-05-17T15:50:00",
      "flightStatus": "On Time",
      "airport": "Mactan-Cebu International Airport",
      "baggageAllowance": "10kg",
      "class": "Economy",
      "gate": "T1",
      "seat": "15O",
      "duration": "3h 25m"
    },
    {
      "flightNumber": "Z2611",
      "bookingNumber": "N7WYKL",
      "pin": "637204",
      "airline": "Philippines AirAsia",
      "departureCity": "Cebu",
      "arrivalCity": "Manila",
      "departureTime": "2025-05-17T17:45:00",
      "arrivalTime": "2025-05-17T19:00:00",
      "checkInOpen": "2025-05-17T15:45:00",
      "checkInClose": "2025-05-17T17:15:00",
      "flightStatus": "Delayed",
      "airport": "Mactan-Cebu International Airport",
      "baggageAllowance": "10kg",
      "class": "Economy",
      "gate": "M9",
      "seat": "21R",
      "duration": "1h 15m"
    },
    {
      "flightNumber": "PR410",
      "bookingNumber": "HZ24MC",
      "pin": "102748",
      "airline": "Philippine Airlines",
      "departureCity": "Cebu",
      "arrivalCity": "Tokyo (Narita)",
      "departureTime": "2025-05-17T19:00:00",
      "arrivalTime": "2025-05-17T23:30:00",
      "checkInOpen": "2025-05-17T17:00:00",
      "checkInClose": "2025-05-17T18:30:00",
      "flightStatus": "On Time",
      "airport": "Mactan-Cebu International Airport",
      "baggageAllowance": "20kg",
      "class": "Economy",
      "gate": "B7",
      "seat": "15I",
      "duration": "4h 30m"
    },
    {
      "flightNumber": "5J573",
      "bookingNumber": "VXP3G9",
      "pin": "396150",
      "airline": "Cebu Pacific",
      "departureCity": "Cebu",
      "arrivalCity": "General Santos",
      "departureTime": "2025-05-17T20:30:00",
      "arrivalTime": "2025-05-17T22:00:00",
      "checkInOpen": "2025-05-17T18:30:00",
      "checkInClose": "2025-05-17T20:00:00",
      "flightStatus": "Boarding",
      "airport": "Mactan-Cebu International Airport",
      "baggageAllowance": "10kg",
      "class": "Economy",
      "gate": "A12",
      "seat": "17M",
      "duration": "1h 30m"
    }
  ]
}