{
    "results": [
    {
      "name": "Hong Kong Disneyland",
      "rating": 4.7,
      "reviews": 73400,
      "category": "Amusement parks",
      "tags": ["2025 Global 100 – Best Things to Do"],
      "location": "Disneyland Area, Hong Kong",
      "distance_from_downtown_km": 13.2,
      "price_php": 4219.44,
      "original_price_php": 4784.42,
      "availability": "Book now for tomorrow",
      "image_url": "https://images.unsplash.com/photo-1616070198226-8ea1d5ba31f4?w=500&auto=format&fit=crop&q=60&ixlib=rb-4.1.0&ixid=M3wxMjA3fDB8MHxzZWFyY2h8MTJ8fEhvbmclMjBLb25nJTIwRGlzbmV5bGFuZHxlbnwwfHwwfHx8MA%3D%3D"
    },
    {
      "name": "Ocean Park Hong Kong",
      "rating": 4.6,
      "reviews": 44000,
      "category": "Amusement parks",
      "tags": ["2025 Global 100 – Family-friendly Attractions"],
      "location": "Southern, Hong Kong",
      "distance_from_downtown_km": 8.2,
      "price_php": 3899.00,
      "original_price_php": 4500.00,
      "availability": "Available today",
      "image_url": "https://directory.coconuts.co/wp-content/uploads/2018/11/544_26233585_10155911238306390_688208730680068856_o.jpg"
    },
    {
      "name": "The Peak Tram Ride + Sky Terrace 428",
      "rating": 4.8,
      "reviews": 29000,
      "category": "Scenic spots",
      "tags": ["Hong Kong’s Top Viewpoint"],
      "location": "Central, Hong Kong",
      "distance_from_downtown_km": 4.5,
      "price_php": 1299.00,
      "original_price_php": 1599.00,
      "availability": "Open daily",
      "image_url": "https://res.klook.com/images/fl_lossy.progressive,q_65/c_fill,w_3000,h_2000/w_80,x_15,y_15,g_south_west,l_Klook_water_br_trans_yhcmh3/activities/zq9tkawtkjhyv048uki5/ThePeakTramTicketinHongKong-KlookPhilippines.jpg"
    },
    {
      "name": "Ngong Ping 360 Cable Car",
      "rating": 4.5,
      "reviews": 35000,
      "category": "Cable car rides",
      "tags": ["Panoramic Views", "Lantau Island"],
      "location": "Lantau Island",
      "distance_from_downtown_km": 26.1,
      "price_php": 1450.00,
      "original_price_php": 1750.00,
      "availability": "Book in advance",
      "image_url": "https://dynamic-media-cdn.tripadvisor.com/media/photo-o/2a/0f/c3/10/ngong-ping-360-cable.jpg?w=900&h=500&s=1"
    },
    {
      "name": "Madame Tussauds Hong Kong",
      "rating": 4.3,
      "reviews": 12500,
      "category": "Museum",
      "tags": ["Family Attraction"],
      "location": "The Peak, Hong Kong",
      "distance_from_downtown_km": 5.0,
      "price_php": 999.00,
      "original_price_php": 1299.00,
      "availability": "Same-day available",
      "image_url": "https://ik.imagekit.io/tvlk/blog/2023/12/shutterstock_568936726-1024x680.jpg?tr=q-70,c-at_max,w-500,h-300,dpr-2"
    },
    {
      "name": "Hong Kong Observation Wheel",
      "rating": 4.2,
      "reviews": 11000,
      "category": "Observation Deck",
      "tags": ["Night View", "Victoria Harbour"],
      "location": "Central Harbourfront",
      "distance_from_downtown_km": 2.0,
      "price_php": 350.00,
      "original_price_php": 450.00,
      "availability": "Open till late",
      "image_url": "https://cdn.cheapoguides.com/wp-content/uploads/sites/7/2019/10/observation-wheel-istock-IakovKalinin-1024x683.jpg"
    },
    {
      "name": "Big Bus Hong Kong Hop-On Hop-Off Tour",
      "rating": 4.4,
      "reviews": 16000,
      "category": "City Tour",
      "tags": ["Sightseeing", "Audio Guide"],
      "location": "Multiple Locations",
      "distance_from_downtown_km": 0.0,
      "price_php": 1800.00,
      "original_price_php": 2100.00,
      "availability": "Flexible booking",
      "image_url": "https://www.hong-kong-traveller.com/image-files/big-bus-hong-kong-hop-on-hop-off.jpg"
    },
    {
      "name": "Hong Kong Palace Museum",
      "rating": 4.6,
      "reviews": 8700,
      "category": "Cultural",
      "tags": ["New Landmark", "Art & History"],
      "location": "West Kowloon",
      "distance_from_downtown_km": 6.0,
      "price_php": 750.00,
      "original_price_php": 850.00,
      "availability": "Entry every hour",
      "image_url": "https://encrypted-tbn0.gstatic.com/images?q=tbn:ANd9GcTrniTPp7T4PNX-ppp469jNm-619WbkkXftuw&s"
    },
    {
      "name": "Star Ferry Harbour Tour",
      "rating": 4.5,
      "reviews": 20000,
      "category": "Boat Ride",
      "tags": ["Iconic Experience"],
      "location": "Victoria Harbour",
      "distance_from_downtown_km": 1.5,
      "price_php": 220.00,
      "original_price_php": 300.00,
      "availability": "Walk-in tickets",
      "image_url": "https://www.starferry.com.hk/sites/default/files/harbour1.jpg"
    },
    {
      "name": "Sky100 Hong Kong Observation Deck",
      "rating": 4.4,
      "reviews": 14700,
      "category": "Observation Deck",
      "tags": ["100th Floor View", "Sunset View"],
      "location": "International Commerce Centre",
      "distance_from_downtown_km": 4.3,
      "price_php": 820.00,
      "original_price_php": 1000.00,
      "availability": "Tickets available now",
      "image_url": "https://res.klook.com/images/fl_lossy.progressive,q_65/c_fill,w_1295,h_863/w_80,x_15,y_15,g_south_west,l_Klook_water_br_trans_yhcmh3/activities/vsxjgxjgkph4gc4dvro3/Sky100HongKongObservationDeckTicket.jpg"
    }
  ]

}