{
  "results": [
    {
      "company": "Hertz",
      "car_model": "Toyota Corolla",
      "car_type": "Sedan",
      "seats": 5,
      "transmission": "Automatic",
      "price_per_day": 45,
      "total_price": 135,
      "pick_up_location": "Los Angeles Airport (LAX)",
      "drop_off_location": "Los Angeles Airport (LAX)",
      "pick_up_date": "2025-05-17T10:00",
      "drop_off_date": "2025-05-20T10:00",
      "image_url": "https://images.unsplash.com/photo-1626072557464-90403d788e8d?w=500&auto=format&fit=crop&q=60&ixlib=rb-4.1.0&ixid=M3wxMjA3fDB8MHxzZWFyY2h8M3x8VG95b3RhJTIwQ29yb2xsYXxlbnwwfHwwfHx8MA%3D%3D"
    },
    {
      "company": "Avis",
      "car_model": "Ford Explorer",
      "car_type": "SUV",
      "seats": 7,
      "transmission": "Automatic",
      "price_per_day": 75,
      "total_price": 225,
      "pick_up_location": "San Francisco Downtown",
      "drop_off_location": "San Francisco Downtown",
      "pick_up_date": "2025-05-17T10:00",
      "drop_off_date": "2025-05-20T10:00",
      "image_url": "https://images.unsplash.com/photo-1670069247956-1a6dfee5338e?w=500&auto=format&fit=crop&q=60&ixlib=rb-4.1.0&ixid=M3wxMjA3fDB8MHxzZWFyY2h8M3x8Rm9yZCUyMEV4cGxvcmVyfGVufDB8fDB8fHww"
    },
    {
      "company": "Enterprise",
      "car_model": "Chevrolet Malibu",
      "car_type": "Sedan",
      "seats": 5,
      "transmission": "Automatic",
      "price_per_day": 50,
      "total_price": 150,
      "pick_up_location": "Chicago O'Hare Airport",
      "drop_off_location": "Chicago O'Hare Airport",
      "pick_up_date": "2025-05-17T10:00",
      "drop_off_date": "2025-05-20T10:00",
      "image_url": "https://images.unsplash.com/photo-1673769615853-59ecd9965fad?w=500&auto=format&fit=crop&q=60&ixlib=rb-4.1.0&ixid=M3wxMjA3fDB8MHxzZWFyY2h8Nnx8Q2hldnJvbGV0JTIwTWFsaWJ1fGVufDB8fDB8fHww"
    },
    {
      "company": "Budget",
      "car_model": "Kia Rio",
      "car_type": "Compact",
      "seats": 5,
      "transmission": "Manual",
      "price_per_day": 35,
      "total_price": 105,
      "pick_up_location": "Tokyo Narita Airport",
      "drop_off_location": "Tokyo Narita Airport",
      "pick_up_date": "2025-05-17T10:00",
      "drop_off_date": "2025-05-20T10:00",
      "image_url": "https://images.unsplash.com/photo-1592805723127-004b174a1798?q=80&w=2070&auto=format&fit=crop&ixlib=rb-4.1.0&ixid=M3wxMjA3fDB8MHxwaG90by1wYWdlfHx8fGVufDB8fHx8fA%3D%3D"
    },
    {
      "company": "Sixt",
      "car_model": "BMW 3 Series",
      "car_type": "Luxury",
      "seats": 5,
      "transmission": "Automatic",
      "price_per_day": 95,
      "total_price": 285,
      "pick_up_location": "Frankfurt Airport",
      "drop_off_location": "Frankfurt Airport",
      "pick_up_date": "2025-05-17T10:00",
      "drop_off_date": "2025-05-20T10:00",
      "image_url": "https://images.unsplash.com/photo-1653751749083-63c81f5f3d00?w=500&auto=format&fit=crop&q=60&ixlib=rb-4.1.0&ixid=M3wxMjA3fDB8MHxzZWFyY2h8NHx8Qk1XJTIwMyUyMFNlcmllc3xlbnwwfHwwfHx8MA%3D%3D"
    },
    {
      "company": "Europcar",
      "car_model": "Renault Clio",
      "car_type": "Hatchback",
      "seats": 5,
      "transmission": "Manual",
      "price_per_day": 40,
      "total_price": 120,
      "pick_up_location": "Paris Charles de Gaulle Airport",
      "drop_off_location": "Paris Charles de Gaulle Airport",
      "pick_up_date": "2025-05-17T10:00",
      "drop_off_date": "2025-05-20T10:00",
      "image_url": "https://images.unsplash.com/photo-1666335009171-3ddc17937d6d?w=500&auto=format&fit=crop&q=60&ixlib=rb-4.1.0&ixid=M3wxMjA3fDB8MHxzZWFyY2h8M3x8UmVuYXVsdCUyMENsaW98ZW58MHx8MHx8fDA%3D"
    },
    {
      "company": "National",
      "car_model": "Nissan Rogue",
      "car_type": "SUV",
      "seats": 5,
      "transmission": "Automatic",
      "price_per_day": 70,
      "total_price": 210,
      "pick_up_location": "Orlando Airport",
      "drop_off_location": "Orlando Airport",
      "pick_up_date": "2025-05-17T10:00",
      "drop_off_date": "2025-05-20T10:00",
      "image_url": "https://images.unsplash.com/photo-1734760768799-173232fe4cef?w=500&auto=format&fit=crop&q=60&ixlib=rb-4.1.0&ixid=M3wxMjA3fDB8MHxwaG90by1yZWxhdGVkfDIzfHx8ZW58MHx8fHx8"
    },
    {
      "company": "Alamo",
      "car_model": "Honda Civic",
      "car_type": "Sedan",
      "seats": 5,
      "transmission": "Automatic",
      "price_per_day": 48,
      "total_price": 144,
      "pick_up_location": "Manila Ninoy Aquino Airport",
      "drop_off_location": "Manila Ninoy Aquino Airport",
      "pick_up_date": "2025-05-17T10:00",
      "drop_off_date": "2025-05-20T10:00",
      "image_url": "https://images.unsplash.com/photo-1654870645915-de8afa6b3b30?q=80&w=2070&auto=format&fit=crop&ixlib=rb-4.1.0&ixid=M3wxMjA3fDB8MHxwaG90by1wYWdlfHx8fGVufDB8fHx8fA%3D%3D"
    },
    {
      "company": "Thrifty",
      "car_model": "Mazda CX-5",
      "car_type": "SUV",
      "seats": 5,
      "transmission": "Automatic",
      "price_per_day": 60,
      "total_price": 180,
      "pick_up_location": "Sydney Airport",
      "drop_off_location": "Sydney Airport",
      "pick_up_date": "2025-05-17T10:00",
      "drop_off_date": "2025-05-20T10:00",
      "image_url": "https://images.unsplash.com/photo-1743114713466-f12a85992a75?q=80&w=1974&auto=format&fit=crop&ixlib=rb-4.1.0&ixid=M3wxMjA3fDB8MHxwaG90by1wYWdlfHx8fGVufDB8fHx8fA%3D%3D"
    },
    {
      "company": "Fox Rent A Car",
      "car_model": "Jeep Wrangler",
      "car_type": "SUV",
      "seats": 5,
      "transmission": "Automatic",
      "price_per_day": 85,
      "total_price": 255,
      "pick_up_location": "Miami Airport",
      "drop_off_location": "Miami Airport",
      "pick_up_date": "2025-05-17T10:00",
      "drop_off_date": "2025-05-20T10:00",
      "image_url": "https://images.unsplash.com/photo-1506015391300-4802dc74de2e?w=500&auto=format&fit=crop&q=60&ixlib=rb-4.1.0&ixid=M3wxMjA3fDB8MHxzZWFyY2h8M3x8SmVlcCUyMFdyYW5nbGVyfGVufDB8fDB8fHww"
    }
  ]
}