{
  "Luzon": [
    {
      "name": "Manila",
      "image": "luzon1.jpg",
      "description": "The vibrant capital city"
    },
    {
      "name": "Baguio",
      "image": "luzon2.jpg",
      "description": "The summer capital of the Philippines"
    },
    {
      "name": "Vigan",
      "image": "luzon3.webp",
      "description": "Historic Spanish colonial town"
    },
    {
      "name": "Batanes",
      "image": "luzon4.jpg",
      "description": "Picturesque rolling hills and stone houses"
    },
    {
      "name": "Palawan",
      "image": "luzon5.jfif",
      "description": "Home to underground rivers and lagoons"
    },
    {
      "name": "Tagaytay",
      "image": "luzon6.jpg",
      "description": "Cool climate with Taal Volcano view"
    }
  ],
  "Visayas": [
    {
      "name": "Cebu",
      "image": "visayas1.webp",
      "description": "Queen City of the South"
    },
    {
      "name": "Boracay",
      "image": "visayas2.jfif",
      "description": "Famous for white sand beaches"
    },
    {
      "name": "Bohol",
      "image": "visayas3.jpg",
      "description": "Home to Chocolate Hills"
    },
    {
      "name": "Iloilo",
      "image": "visayas4.jpg",
      "description": "City of Love with rich heritage"
    },
    {
      "name": "Bacolod",
      "image": "visayas5.jpg",
      "description": "The City of Smiles"
    },
    {
      "name": "Siquijor",
      "image": "visayas6.jpg",
      "description": "Mystical island with pristine beaches"
    }
  ],
  "Mindanao": [
    {
      "name": "Davao",
      "image": "mindanao1.jpg",
      "description": "Home of the Philippine Eagle"
    },
    {
      "name": "Siargao",
      "image": "mindanao2.jpg",
      "description": "Surfing capital of the Philippines"
    },
    {
      "name": "Cagayan de Oro",
      "image": "mindanao3.jpg",
      "description": "Adventure capital of the Philippines"
    },
    {
      "name": "Camiguin",
      "image": "mindanao4.jpg",
      "description": "Island born of fire with seven volcanoes"
    },
    {
      "name": "Zamboanga",
      "image": "mindanao5.jpg",
      "description": "Asia's Latin City"
    },
    {
      "name": "Surigao",
      "image": "mindanao6.jpg",
      "description": "Gateway to Mindanao"
    }
  ]
}
