{
  "Luzon":[
    {
      "flightNumber": "PR185",
      "bookingNumber": "XJ72KL",
      "pin": "218493",
      "airline": "Philippine Airlines",
      "departureCity": "Cebu",
      "arrivalCity": "Manila",
      "departureTime": "2025-05-17T06:30:00",
      "arrivalTime": "2025-05-17T07:45:00",
      "checkInOpen": "2025-05-17T04:30:00",
      "checkInClose": "2025-05-17T06:00:00",
      "flightStatus": "On Time",
      "airport": "Mactan-Cebu International Airport",
      "baggageAllowance": "10kg",
      "class": "Business",
      "gate": "C18",
      "seat": "13L",
      "duration": "1h 15m"
    },
    {
      "flightNumber": "5J852",
      "bookingNumber": "B9C4TR",
      "pin": "705381",
      "airline": "Cebu Pacific",
      "departureCity": "Cebu",
      "arrivalCity": "Davao",
      "departureTime": "2025-05-17T08:00:00",
      "arrivalTime": "2025-05-17T09:30:00",
      "checkInOpen": "2025-05-17T06:00:00",
      "checkInClose": "2025-05-17T07:30:00",
      "flightStatus": "Delayed",
      "airport": "Mactan-Cebu International Airport",
      "baggageAllowance": "15kg",
      "class": "Business",
      "gate": "D22",
      "seat": "03A",
      "duration": "1h 30m"
    },
    {
      "flightNumber": "DG6412",
      "bookingNumber": "QW8Z1N",
      "pin": "349027",
      "airline": "Cebgo",
      "departureCity": "Cebu",
      "arrivalCity": "Bacolod",
      "departureTime": "2025-05-17T09:15:00",
      "arrivalTime": "2025-05-17T10:10:00",
      "checkInOpen": "2025-05-17T07:15:00",
      "checkInClose": "2025-05-17T08:45:00",
      "flightStatus": "On Time",
      "airport": "Mactan-Cebu International Airport",
      "baggageAllowance": "0",
      "class": "Business",
      "gate": "E5",
      "seat": "20U",
      "duration": "0h 55m"
    },
    {
      "flightNumber": "Z2875",
      "bookingNumber": "M3L7PE",
      "pin": "194862",
      "airline": "Philippines AirAsia",
      "departureCity": "Cebu",
      "arrivalCity": "Clark",
      "departureTime": "2025-05-17T11:00:00",
      "arrivalTime": "2025-05-17T12:20:00",
      "checkInOpen": "2025-05-17T09:00:00",
      "checkInClose": "2025-05-17T10:30:00",
      "flightStatus": "Boarding",
      "airport": "Mactan-Cebu International Airport",
      "baggageAllowance": "20kg",
      "class": "Business",
      "gate": "F3",
      "seat": "15R",
      "duration": "1h 20m"
    },
    {
      "flightNumber": "PR2331",
      "bookingNumber": "TG94VX",
      "pin": "870135",
      "airline": "Philippine Airlines",
      "departureCity": "Cebu",
      "arrivalCity": "Caticlan",
      "departureTime": "2025-05-17T12:45:00",
      "arrivalTime": "2025-05-17T13:45:00",
      "checkInOpen": "2025-05-17T10:45:00",
      "checkInClose": "2025-05-17T12:15:00",
      "flightStatus": "Cancelled",
      "airport": "Mactan-Cebu International Airport",
      "baggageAllowance": "12kg",
      "class": "Business",
      "gate": "G15",
      "seat": "15A",
      "duration": "1h 0m"
    },
    {
      "flightNumber": "5J568",
      "bookingNumber": "RK51DZ",
      "pin": "560912",
      "airline": "Cebu Pacific",
      "departureCity": "Cebu",
      "arrivalCity": "Iloilo",
      "departureTime": "2025-05-17T14:00:00",
      "arrivalTime": "2025-05-17T15:00:00",
      "checkInOpen": "2025-05-17T12:00:00",
      "checkInClose": "2025-05-17T13:30:00",
      "flightStatus": "On Time",
      "airport": "Mactan-Cebu International Airport",
      "baggageAllowance": "20kg",
      "class": "Economy",
      "gate": "H8",
      "seat": "12B",
      "duration": "1h 0m"
    },
    {
      "flightNumber": "TR385",
      "bookingNumber": "AF8JQ2",
      "pin": "483701",
      "airline": "Scoot",
      "departureCity": "Cebu",
      "arrivalCity": "Singapore",
      "departureTime": "2025-05-17T16:20:00",
      "arrivalTime": "2025-05-17T19:45:00",
      "checkInOpen": "2025-05-17T14:20:00",
      "checkInClose": "2025-05-17T15:50:00",
      "flightStatus": "On Time",
      "airport": "Mactan-Cebu International Airport",
      "baggageAllowance": "10kg",
      "class": "Economy",
      "gate": "T1",
      "seat": "15O",
      "duration": "3h 25m"
    },
    {
      "flightNumber": "Z2611",
      "bookingNumber": "N7WYKL",
      "pin": "637204",
      "airline": "Philippines AirAsia",
      "departureCity": "Cebu",
      "arrivalCity": "Manila",
      "departureTime": "2025-05-17T17:45:00",
      "arrivalTime": "2025-05-17T19:00:00",
      "checkInOpen": "2025-05-17T15:45:00",
      "checkInClose": "2025-05-17T17:15:00",
      "flightStatus": "Delayed",
      "airport": "Mactan-Cebu International Airport",
      "baggageAllowance": "10kg",
      "class": "Economy",
      "gate": "M9",
      "seat": "21R",
      "duration": "1h 15m"
    },
    {
      "flightNumber": "PR410",
      "bookingNumber": "HZ24MC",
      "pin": "102748",
      "airline": "Philippine Airlines",
      "departureCity": "Cebu",
      "arrivalCity": "Tokyo (Narita)",
      "departureTime": "2025-05-17T19:00:00",
      "arrivalTime": "2025-05-17T23:30:00",
      "checkInOpen": "2025-05-17T17:00:00",
      "checkInClose": "2025-05-17T18:30:00",
      "flightStatus": "On Time",
      "airport": "Mactan-Cebu International Airport",
      "baggageAllowance": "20kg",
      "class": "Economy",
      "gate": "B7",
      "seat": "15I",
      "duration": "4h 30m"
    },
    {
      "flightNumber": "5J573",
      "bookingNumber": "VXP3G9",
      "pin": "396150",
      "airline": "Cebu Pacific",
      "departureCity": "Cebu",
      "arrivalCity": "General Santos",
      "departureTime": "2025-05-17T20:30:00",
      "arrivalTime": "2025-05-17T22:00:00",
      "checkInOpen": "2025-05-17T18:30:00",
      "checkInClose": "2025-05-17T20:00:00",
      "flightStatus": "Boarding",
      "airport": "Mactan-Cebu International Airport",
      "baggageAllowance": "10kg",
      "class": "Economy",
      "gate": "A12",
      "seat": "17M",
      "duration": "1h 30m"
    }
  ],
  "Cebu":[
    {
      "hotel_name": "The Marina Bay Sands",
      "location": "Singapore",
      "rating": 4.8,
      "price_per_night": 450,
      "room_type": "Sky View King Room",
      "guests": "2 adults",
      "check_in": "2025-07-15",
      "check_out": "2025-07-17",
      "amenities": ["Infinity Pool", "Spa", "Wi-Fi"],
      "image_url": "https://example.com/images/marina.jpg"
    },
    {
      "hotel_name": "The Langham",
      "location": "London, UK",
      "rating": 4.7,
      "price_per_night": 330,
      "room_type": "Executive Club Room",
      "guests": "2 adults",
      "check_in": "2025-08-05",
      "check_out": "2025-08-10",
      "amenities": ["Butler Service", "Lounge Access", "Free Breakfast"],
      "image_url": "https://example.com/images/langham.jpg"
    },
    {
      "hotel_name": "Hilton Garden Inn",
      "location": "New York, NY",
      "rating": 4.2,
      "price_per_night": 190,
      "room_type": "Queen Room",
      "guests": "1 adult",
      "check_in": "2025-06-01",
      "check_out": "2025-06-03",
      "amenities": ["Gym", "Wi-Fi", "Mini Bar"],
      "image_url": "https://example.com/images/hiltonny.jpg"
    },
    {
      "hotel_name": "Hotel Jen Manila",
      "location": "Manila, Philippines",
      "rating": 4.0,
      "price_per_night": 100,
      "room_type": "Deluxe Twin",
      "guests": "2 adults, 1 child",
      "check_in": "2025-12-01",
      "check_out": "2025-12-05",
      "amenities": ["Buffet Breakfast", "Wi-Fi", "Pool"],
      "image_url": "https://example.com/images/jenmanila.jpg"
    },
    {
      "hotel_name": "Shangri-La Boracay",
      "location": "Boracay, Philippines",
      "rating": 4.9,
      "price_per_night": 520,
      "room_type": "Beach Villa",
      "guests": "4 adults",
      "check_in": "2025-11-10",
      "check_out": "2025-11-15",
      "amenities": ["Private Pool", "Seaside View", "Free Shuttle"],
      "image_url": "https://example.com/images/boracay.jpg"
    },
    {
      "hotel_name": "W Hotel",
      "location": "Barcelona, Spain",
      "rating": 4.6,
      "price_per_night": 350,
      "room_type": "Spectacular Room",
      "guests": "2 adults",
      "check_in": "2025-09-18",
      "check_out": "2025-09-21",
      "amenities": ["Rooftop Bar", "Spa", "Wi-Fi"],
      "image_url": "https://example.com/images/barcelona.jpg"
    },
    {
      "hotel_name": "Novotel Citygate",
      "location": "Hong Kong",
      "rating": 4.3,
      "price_per_night": 210,
      "room_type": "Family Room",
      "guests": "2 adults, 2 children",
      "check_in": "2025-10-01",
      "check_out": "2025-10-04",
      "amenities": ["Free Airport Shuttle", "Wi-Fi", "Shopping Access"],
      "image_url": "https://example.com/images/novotel.jpg"
    },
    {
      "hotel_name": "The Venetian",
      "location": "Las Vegas, USA",
      "rating": 4.8,
      "price_per_night": 420,
      "room_type": "Luxury Suite",
      "guests": "2 adults",
      "check_in": "2025-06-20",
      "check_out": "2025-06-23",
      "amenities": ["Casino", "Restaurants", "Concierge"],
      "image_url": "https://example.com/images/venetian.jpg"
    },
    {
      "hotel_name": "Four Seasons",
      "location": "Kyoto, Japan",
      "rating": 4.9,
      "price_per_night": 500,
      "room_type": "Premier Garden Room",
      "guests": "2 adults",
      "check_in": "2025-04-10",
      "check_out": "2025-04-14",
      "amenities": ["Zen Garden", "Onsen", "Tea Ceremony"],
      "image_url": "https://example.com/images/kyoto.jpg"
    },
    {
      "hotel_name": "Mandarin Oriental",
      "location": "Bangkok, Thailand",
      "rating": 4.7,
      "price_per_night": 380,
      "room_type": "Colonial Room",
      "guests": "2 adults",
      "check_in": "2025-05-01",
      "check_out": "2025-05-03",
      "amenities": ["River View", "Boat Transfers", "Spa"],
      "image_url": "https://example.com/images/bangkok.jpg"
    }
  ],
  "trans":[
  {
    "type": "Car",
    "company": "Avis",
    "car_model": "Toyota Corolla",
    "pickup_location": "Los Angeles Airport",
    "dropoff_location": "San Diego Downtown",
    "pickup_date": "2025-05-17 10:00",
    "dropoff_date": "2025-05-20 10:00",
    "price": 180,
    "image_url": "https://example.com/images/corolla.jpg"
  },
  {
    "type": "Flight",
    "airline": "Singapore Airlines",
    "from": "Manila",
    "to": "Singapore",
    "departure": "2025-06-01 08:00",
    "arrival": "2025-06-01 12:00",
    "price": 320,
    "image_url": "https://example.com/images/flight.jpg"
  },
  {
    "type": "Train",
    "company": "Eurostar",
    "from": "Paris",
    "to": "London",
    "departure": "2025-07-12 09:30",
    "arrival": "2025-07-12 11:15",
    "price": 150,
    "image_url": "https://example.com/images/eurostar.jpg"
  },
  {
    "type": "Car",
    "company": "Hertz",
    "car_model": "Ford Explorer",
    "pickup_location": "Cebu City",
    "dropoff_location": "Cebu Airport",
    "pickup_date": "2025-08-01 09:00",
    "dropoff_date": "2025-08-03 11:00",
    "price": 120,
    "image_url": "https://example.com/images/explorer.jpg"
  },
  {
    "type": "Flight",
    "airline": "Qatar Airways",
    "from": "Dubai",
    "to": "New York",
    "departure": "2025-09-25 20:00",
    "arrival": "2025-09-26 07:00",
    "price": 820,
    "image_url": "https://example.com/images/plane.jpg"
  },
  {
    "type": "Train",
    "company": "Shinkansen",
    "from": "Tokyo",
    "to": "Kyoto",
    "departure": "2025-04-20 10:00",
    "arrival": "2025-04-20 12:15",
    "price": 100,
    "image_url": "https://example.com/images/shinkansen.jpg"
  },
  {
    "type": "Car",
    "company": "Budget",
    "car_model": "Honda Civic",
    "pickup_location": "Singapore Changi Airport",
    "dropoff_location": "Singapore Downtown",
    "pickup_date": "2025-06-15 10:00",
    "dropoff_date": "2025-06-17 10:00",
    "price": 95,
    "image_url": "https://example.com/images/civic.jpg"
  },
  {
    "type": "Flight",
    "airline": "Cathay Pacific",
    "from": "Hong Kong",
    "to": "Seoul",
    "departure": "2025-05-30 06:00",
    "arrival": "2025-05-30 10:30",
    "price": 280,
    "image_url": "https://example.com/images/cathay.jpg"
  },
  {
    "type": "Train",
    "company": "Amtrak",
    "from": "Los Angeles",
    "to": "San Francisco",
    "departure": "2025-06-10 07:00",
    "arrival": "2025-06-10 13:30",
    "price": 160,
    "image_url": "https://example.com/images/amtrak.jpg"
  },
  {
    "type": "Flight",
    "airline": "Emirates",
    "from": "Cebu",
    "to": "Dubai",
    "departure": "2025-11-01 21:00",
    "arrival": "2025-11-02 04:00",
    "price": 600,
    "image_url": "https://example.com/images/emirates.jpg"
  }
]
,
  "attract":[
  {
    "event_name": "Coldplay World Tour",
    "location": "Tokyo Dome, Japan",
    "date": "2025-07-22",
    "time": "19:00",
    "category": "Concert",
    "price": 150,
    "performers": ["Coldplay"],
    "image_url": "https://example.com/images/coldplay.jpg"
  },
  {
    "event_name": "Oktoberfest",
    "location": "Munich, Germany",
    "date": "2025-09-21",
    "time": "10:00",
    "category": "Festival",
    "price": 0,
    "performers": [],
    "image_url": "https://example.com/images/oktoberfest.jpg"
  },
  {
    "event_name": "Cirque du Soleil: OVO",
    "location": "Las Vegas, USA",
    "date": "2025-06-14",
    "time": "20:00",
    "category": "Show",
    "price": 120,
    "performers": ["Cirque du Soleil"],
    "image_url": "https://example.com/images/cirque.jpg"
  },
  {
    "event_name": "Coachella 2025",
    "location": "California, USA",
    "date": "2025-04-10",
    "time": "12:00",
    "category": "Music Festival",
    "price": 450,
    "performers": ["Doja Cat", "Bad Bunny", "Blink-182"],
    "image_url": "https://example.com/images/coachella.jpg"
  },
  {
    "event_name": "Broadway: Hamilton",
    "location": "New York City, USA",
    "date": "2025-05-20",
    "time": "19:30",
    "category": "Theater",
    "price": 200,
    "performers": ["Broadway Cast"],
    "image_url": "https://example.com/images/hamilton.jpg"
  },
  {
    "event_name": "Lantern Festival",
    "location": "Chiang Mai, Thailand",
    "date": "2025-11-07",
    "time": "18:00",
    "category": "Cultural Festival",
    "price": 25,
    "performers": [],
    "image_url": "https://example.com/images/lantern.jpg"
  },
  {
    "event_name": "Formula 1 Grand Prix",
    "location": "Singapore",
    "date": "2025-09-14",
    "time": "15:00",
    "category": "Sports",
    "price": 300,
    "performers": [],
    "image_url": "https://example.com/images/f1.jpg"
  },
  {
    "event_name": "Taylor Swift: Eras Tour",
    "location": "Melbourne Cricket Ground, Australia",
    "date": "2025-02-16",
    "time": "20:00",
    "category": "Concert",
    "price": 250,
    "performers": ["Taylor Swift"],
    "image_url": "https://example.com/images/taylorswift.jpg"
  },
  {
    "event_name": "Wimbledon Finals",
    "location": "London, UK",
    "date": "2025-07-13",
    "time": "14:00",
    "category": "Sports",
    "price": 500,
    "performers": [],
    "image_url": "https://example.com/images/wimbledon.jpg"
  },
  {
    "event_name": "Comic-Con International",
    "location": "San Diego, USA",
    "date": "2025-07-24",
    "time": "09:00",
    "category": "Convention",
    "price": 160,
    "performers": [],
    "image_url": "https://example.com/images/comiccon.jpg"
  }
]
,
  "acts":[
  {
    "activity_name": "Hong Kong Disneyland",
    "location": "Hong Kong",
    "type": "Theme Park",
    "rating": 4.7,
    "price": 4219.44,
    "duration": "Full Day",
    "distance_from_center": "13.2 km",
    "image_url": "https://example.com/images/disney.jpg"
  },
  {
    "activity_name": "Ocean Park Hong Kong",
    "location": "Hong Kong",
    "type": "Amusement Park",
    "rating": 4.6,
    "price": 3900,
    "duration": "Full Day",
    "distance_from_center": "8.2 km",
    "image_url": "https://example.com/images/oceanpark.jpg"
  },
  {
    "activity_name": "Eiffel Tower Guided Tour",
    "location": "Paris, France",
    "type": "Guided Tour",
    "rating": 4.8,
    "price": 50,
    "duration": "2 Hours",
    "distance_from_center": "2 km",
    "image_url": "https://example.com/images/eiffel.jpg"
  },
  {
    "activity_name": "Burj Khalifa Sky Experience",
    "location": "Dubai, UAE",
    "type": "Observation Deck",
    "rating": 4.9,
    "price": 100,
    "duration": "1 Hour",
    "distance_from_center": "1 km",
    "image_url": "https://example.com/images/burj.jpg"
  },
  {
    "activity_name": "Great Wall of China Hiking Tour",
    "location": "Beijing, China",
    "type": "Hiking",
    "rating": 4.7,
    "price": 70,
    "duration": "6 Hours",
    "distance_from_center": "60 km",
    "image_url": "https://example.com/images/greatwall.jpg"
  },
  {
    "activity_name": "Snorkeling in El Nido",
    "location": "Palawan, Philippines",
    "type": "Water Activity",
    "rating": 4.8,
    "price": 40,
    "duration": "Half Day",
    "distance_from_center": "5 km",
    "image_url": "https://example.com/images/elnido.jpg"
  },
  {
    "activity_name": "Gondola Ride in Venice",
    "location": "Venice, Italy",
    "type": "Boat Tour",
    "rating": 4.6,
    "price": 90,
    "duration": "30 Minutes",
    "distance_from_center": "0.5 km",
    "image_url": "https://example.com/images/gondola.jpg"
  },
  {
    "activity_name": "Safari Adventure",
    "location": "Nairobi, Kenya",
    "type": "Wildlife Safari",
    "rating": 4.9,
    "price": 300,
    "duration": "8 Hours",
    "distance_from_center": "20 km",
    "image_url": "https://example.com/images/safari.jpg"
  },
  {
    "activity_name": "Machu Picchu Trek",
    "location": "Cusco, Peru",
    "type": "Adventure",
    "rating": 5.0,
    "price": 450,
    "duration": "4 Days",
    "distance_from_center": "70 km",
    "image_url": "https://example.com/images/machu.jpg"
  },
  {
    "activity_name": "Whale Watching",
    "location": "Reykjavik, Iceland",
    "type": "Wildlife Tour",
    "rating": 4.7,
    "price": 120,
    "duration": "3 Hours",
    "distance_from_center": "3 km",
    "image_url": "https://example.com/images/whale.jpg"
  }
]

}