{
    "results": [
    {
      "package_id": "FH001",
      "destination": "Tokyo, Japan",
      "hotel_name": "Shinjuku Grand Hotel",
      "flight": {
        "airline": "ANA",
        "departure": "2025-06-10T08:00",
        "arrival": "2025-06-10T14:00",
        "from": "LAX",
        "to": "NRT"
      },
      "hotel_rating": 4.4,
      "nights": 5,
      "room_type": "Twin Room",
      "guests": "2 adults",
      "total_price": 1399,
      "currency": "USD",
      "image_url": "https://cf.bstatic.com/xdata/images/hotel/max1024x768/123586152.jpg?k=79b430914e56a8609f196f991612d3a6ef0ee9fa9ef1f4a19f798e380db53e72&o=&hp=1"
    },
    {
      "package_id": "FH002",
      "destination": "Paris, France",
      "hotel_name": "Eiffel Tower View Inn",
      "flight": {
        "airline": "Air France",
        "departure": "2025-07-01T16:45",
        "arrival": "2025-07-02T08:20",
        "from": "JFK",
        "to": "CDG"
      },
      "hotel_rating": 4.7,
      "nights": 6,
      "room_type": "Classic Queen",
      "guests": "2 adults",
      "total_price": 1899,
      "currency": "USD",
      "image_url": "https://media.architecturaldigest.com/photos/5783df143cba0f2e2ca06bae/master/pass/Shangri-La%202.jpg"
    },
    {
      "package_id": "FH003",
      "destination": "Cebu City, Philippines",
      "hotel_name": "Waterfront Cebu City Hotel",
      "flight": {
        "airline": "Philippine Airlines",
        "departure": "2025-05-20T11:00",
        "arrival": "2025-05-20T14:30",
        "from": "MNL",
        "to": "CEB"
      },
      "hotel_rating": 4.2,
      "nights": 3,
      "room_type": "Superior King",
      "guests": "2 adults",
      "total_price": 499,
      "currency": "USD",
      "image_url": "https://www.waterfronthotels.com.ph/wp-content/uploads/2018/08/WCCH-FACADE-2017-1.jpg"
    },
    {
      "package_id": "FH004",
      "destination": "Bangkok, Thailand",
      "hotel_name": "Siam Heritage Hotel",
      "flight": {
        "airline": "Thai Airways",
        "departure": "2025-06-15T10:00",
        "arrival": "2025-06-15T13:45",
        "from": "SIN",
        "to": "BKK"
      },
      "hotel_rating": 4.0,
      "nights": 4,
      "room_type": "Deluxe Double",
      "guests": "2 adults, 1 child",
      "total_price": 749,
      "currency": "USD",
      "image_url": "https://cf.bstatic.com/xdata/images/hotel/max1024x768/17348733.jpg?k=4e9729eb2aabe7ad6f850ba39290ac1c19cc67056040ef1b2f1743b5ade5abdb&o=&hp=1"
    },
    {
      "package_id": "FH005",
      "destination": "London, UK",
      "hotel_name": "Tower Bridge Suites",
      "flight": {
        "airline": "British Airways",
        "departure": "2025-09-05T18:30",
        "arrival": "2025-09-06T07:15",
        "from": "JFK",
        "to": "LHR"
      },
      "hotel_rating": 4.5,
      "nights": 5,
      "room_type": "Executive Suite",
      "guests": "2 adults",
      "total_price": 2150,
      "currency": "USD",
      "image_url": "https://images.trvl-media.com/lodging/5000000/4200000/4190800/4190769/db86be99.jpg?impolicy=resizecrop&rw=575&rh=575&ra=fill"
    },
    {
      "package_id": "FH006",
      "destination": "Dubai, UAE",
      "hotel_name": "Palm Desert Resort",
      "flight": {
        "airline": "Emirates",
        "departure": "2025-10-10T22:00",
        "arrival": "2025-10-11T05:30",
        "from": "DEL",
        "to": "DXB"
      },
      "hotel_rating": 4.3,
      "nights": 4,
      "room_type": "Deluxe King Room",
      "guests": "2 adults",
      "total_price": 1099,
      "currency": "USD",
      "image_url": "https://q-xx.bstatic.com/xdata/images/hotel/max500/426569518.jpg?k=023fa64905cc1527dbb8f21a3b6aa93250a54ee0b6fb012ca4c5bf3686f1aae5&o="
    },
    {
      "package_id": "FH007",
      "destination": "Rome, Italy",
      "hotel_name": "Roma Boutique Hotel",
      "flight": {
        "airline": "Alitalia",
        "departure": "2025-08-15T09:45",
        "arrival": "2025-08-15T13:00",
        "from": "FCO",
        "to": "VCE"
      },
      "hotel_rating": 4.4,
      "nights": 3,
      "room_type": "Double Room",
      "guests": "1 adult",
      "total_price": 799,
      "currency": "USD",
      "image_url": "https://cf.bstatic.com/xdata/images/hotel/max1024x768/1049527.jpg?k=8365494183cdd8247450bf6ac30b83742c71d7a213be64f4440efc04ae24ccad&o=&hp=1"
    },
    {
      "package_id": "FH008",
      "destination": "Seoul, South Korea",
      "hotel_name": "Seoul Sky Hotel",
      "flight": {
        "airline": "Korean Air",
        "departure": "2025-06-18T13:00",
        "arrival": "2025-06-18T16:30",
        "from": "HKG",
        "to": "ICN"
      },
      "hotel_rating": 4.6,
      "nights": 2,
      "room_type": "Family Room",
      "guests": "2 adults, 2 children",
      "total_price": 950,
      "currency": "USD",
      "image_url": "https://plus.unsplash.com/premium_photo-1680428207306-01f1f9e0d2bd?w=500&auto=format&fit=crop&q=60&ixlib=rb-4.1.0&ixid=M3wxMjA3fDB8MHxzZWFyY2h8MXx8U2VvdWwlMjBTa3klMjBIb3RlbHxlbnwwfHwwfHx8MA%3D%3D"
    },
    {
      "package_id": "FH009",
      "destination": "Singapore",
      "hotel_name": "Marina Bay Hotel",
      "flight": {
        "airline": "Singapore Airlines",
        "departure": "2025-12-01T07:30",
        "arrival": "2025-12-01T10:45",
        "from": "BKK",
        "to": "SIN"
      },
      "hotel_rating": 4.8,
      "nights": 3,
      "room_type": "Premier Room",
      "guests": "2 adults",
      "total_price": 1190,
      "currency": "USD",
      "image_url": "https://www.marinabaysands.com/content/dam/marinabaysands/guides/exceptional-experiences/architecture-of-mbs/masthead-m.jpg"
    },
    {
      "package_id": "FH010",
      "destination": "Los Angeles, CA",
      "hotel_name": "Sunset Boulevard Inn",
      "flight": {
        "airline": "United Airlines",
        "departure": "2025-07-01T15:20",
        "arrival": "2025-07-01T18:45",
        "from": "SEA",
        "to": "LAX"
      },
      "hotel_rating": 4.3,
      "nights": 3,
      "room_type": "Triple Room",
      "guests": "3 adults",
      "total_price": 899,
      "currency": "USD",
      "image_url": "https://encrypted-tbn0.gstatic.com/images?q=tbn:ANd9GcSNy4gkNNFMdplnYd-0Za5nYONxTIRh88xQZA&s"
    }
  ]
}