{
  "results": [
    {
      "hotel_name": "Grand Royal Hotel",
      "location": "New York, NY",
      "rating": 4.5,
      "price_per_night": 220,
      "total_price": 440,
      "room_type": "Deluxe King Room",
      "guests": "2 adults",
      "check_in": "2025-06-01",
      "check_out": "2025-06-03",
      "amenities": ["Free Wi-Fi", "Breakfast included", "Gym access"],
      "image_url": "https://images.unsplash.com/photo-1694932845875-4bd885d4bbbc?w=500&auto=format&fit=crop&q=60&ixlib=rb-4.1.0&ixid=M3wxMjA3fDB8MHxzZWFyY2h8MTV8fEdyYW5kJTIwUm95YWwlMjBIb3RlbHxlbnwwfHwwfHx8MA%3D%3D"
    },
    {
      "hotel_name": "Sakura Inn Shibuya",
      "location": "Tokyo, Japan",
      "rating": 4.2,
      "price_per_night": 110,
      "total_price": 550,
      "room_type": "Twin Room",
      "guests": "2 adults, 1 child",
      "check_in": "2025-07-10",
      "check_out": "2025-07-15",
      "amenities": ["Wi-Fi", "Airport shuttle", "24-hour front desk"],
      "image_url": "https://images.unsplash.com/photo-1743359735466-1406ac5dfb69?w=500&auto=format&fit=crop&q=60&ixlib=rb-4.1.0&ixid=M3wxMjA3fDB8MHxzZWFyY2h8MTJ8fFNha3VyYSUyMElubiUyMFNoaWJ1eWF8ZW58MHx8MHx8fDA%3D"
    },
    {
      "hotel_name": "Hotel Champs-Élysées",
      "location": "Paris, France",
      "rating": 4.7,
      "price_per_night": 180,
      "total_price": 540,
      "room_type": "Classic Queen Room",
      "guests": "1 adult",
      "check_in": "2025-08-05",
      "check_out": "2025-08-08",
      "amenities": ["Free breakfast", "Wi-Fi", "Pet friendly"],
      "image_url": "https://images.unsplash.com/photo-1720631442804-c6091ef9df97?w=500&auto=format&fit=crop&q=60&ixlib=rb-4.1.0&ixid=M3wxMjA3fDB8MHxwaG90by1yZWxhdGVkfDJ8fHxlbnwwfHx8fHw%3D"
    },
    {
      "hotel_name": "Waterfront Cebu Hotel",
      "location": "Cebu City, Philippines",
      "rating": 4.1,
      "price_per_night": 95,
      "total_price": 190,
      "room_type": "Superior Room",
      "guests": "2 adults, 2 children",
      "check_in": "2025-05-20",
      "check_out": "2025-05-22",
      "amenities": ["Pool", "Wi-Fi", "Breakfast buffet"],
      "image_url": "https://media-cdn.tripadvisor.com/media/photo-s/2d/c1/14/2c/hotel-exterior-facade.jpg"
    },
    {
      "hotel_name": "London Tower Suites",
      "location": "London, UK",
      "rating": 4.6,
      "price_per_night": 260,
      "total_price": 520,
      "room_type": "Executive Suite",
      "guests": "6 adults",
      "check_in": "2025-09-01",
      "check_out": "2025-09-03",
      "amenities": ["Gym", "Concierge", "Wi-Fi"],
      "image_url": "https://images.unsplash.com/photo-1641427538550-b903ae2352b4?w=500&auto=format&fit=crop&q=60&ixlib=rb-4.1.0&ixid=M3wxMjA3fDB8MHxzZWFyY2h8Mnx8TG9uZG9uJTIwVG93ZXIlMjBTdWl0ZXN8ZW58MHx8MHx8fDA%3D"
    },
    {
      "hotel_name": "Harbor View Hotel",
      "location": "Sydney, Australia",
      "rating": 4.3,
      "price_per_night": 210,
      "total_price": 1050,
      "room_type": "Family Room",
      "guests": "3 adults, 2 children",
      "check_in": "2025-12-25",
      "check_out": "2025-12-30",
      "amenities": ["Free breakfast", "Airport shuttle", "Sea view"],
      "image_url": "https://encrypted-tbn0.gstatic.com/images?q=tbn:ANd9GcTc6hqoM3jtCtEbLWSRqx5XWTPDq9FmHglIhQ&s"
    },
    {
      "hotel_name": "Palm Desert Hotel",
      "location": "Dubai, UAE",
      "rating": 4.0,
      "price_per_night": 145,
      "total_price": 725,
      "room_type": "Standard King",
      "guests": "2 adults, 1 child",
      "check_in": "2025-11-05",
      "check_out": "2025-11-10",
      "amenities": ["Free parking", "Wi-Fi", "Outdoor pool"],
      "image_url": "https://cache.marriott.com/content/dam/marriott-digital/ak/us-canada/hws/c/ctdak/en_us/photo/unlimited/assets/ctdak-exterior-3582.jpg"
    },
    {
      "hotel_name": "Roma Boutique Hotel",
      "location": "Rome, Italy",
      "rating": 4.4,
      "price_per_night": 150,
      "total_price": 300,
      "room_type": "Double Room",
      "guests": "2 adults",
      "check_in": "2025-10-15",
      "check_out": "2025-10-17",
      "amenities": ["Wi-Fi", "Breakfast included", "Historic building"],
      "image_url": "https://images.unsplash.com/photo-1721939555270-8a577f0607f7?w=500&auto=format&fit=crop&q=60&ixlib=rb-4.1.0&ixid=M3wxMjA3fDB8MHxzZWFyY2h8Mnx8Um9tYSUyMEJvdXRpcXVlJTIwSG90ZWx8ZW58MHx8MHx8fDA%3D"
    },
    {
      "hotel_name": "Seoul Sky Hotel",
      "location": "Seoul, South Korea",
      "rating": 4.5,
      "price_per_night": 130,
      "total_price": 260,
      "room_type": "Family Twin Room",
      "guests": "2 adults, 2 children",
      "check_in": "2025-06-18",
      "check_out": "2025-06-20",
      "amenities": ["Free Wi-Fi", "24-hour service", "City view"],
      "image_url": "https://seoulsky.lotteworld.com/seoulsky/images/eng/main/img_gallery01.png"
    },
    {
      "hotel_name": "Sunset Boulevard Inn",
      "location": "Los Angeles, CA",
      "rating": 4.3,
      "price_per_night": 175,
      "total_price": 525,
      "room_type": "Triple Room",
      "guests": "3 adults",
      "check_in": "2025-07-01",
      "check_out": "2025-07-04",
      "amenities": ["Free breakfast", "Wi-Fi", "Outdoor pool"],
      "image_url": "https://z.cdrst.com/foto/hotel-sf/122d84e8/granderesp/foto-hotel-122d7a3e.jpg"
    }
  ]
}