{
    "landing_page":
        {
            "title": "Fly Beyond Limits",
            "descriptions": [
                "Experience comfort, reliability, and adventure — all in one flight.",
                "Get up to 30% off your first international flight!",
                "Book before: May 31st, 2025",
                "Use code: SKYNOVA30 at checkout"
            ]
        }
    ,
    "partner_page":
        {
            "title": "Grow Your Business with Us",
            "descriptions": [
                "Reach More Travellers Today!",
                "Reach 100M+ travelers worldwide",
                "Be the next AviatiKa millionare"
            ]
        }
    
}