{
    "rating": [
      {
        "id": 1,
        "comment": "AviatiKa made my trip to Palawan so seamless! The flight was on time and the travel pack saved me hours of planning.",
        "stars": 5,
        "name": "Maria Santos"
      },
      {
        "id": 2,
        "comment": "I was amazed by how easy it was to book my multi-city tour of Visayas. The service was exceptional!",
        "stars": 5,
        "name": "John Reyes"
      },
      {
        "id": 3,
        "comment": "Great service and affordable travel packs. Will definitely book through AviatiKa for my next adventure.",
        "stars": 4,
        "name": "Ana Martinez"
      }
    ]
  }