{
  "Luzon":[
    {
      "flightNumber": "PR185",
      "bookingNumber": "XJ72KL",
      "pin": "218493",
      "airline": "Philippine Airlines",
      "departureCity": "Cebu",
      "arrivalCity": "Manila",
      "departureTime": "2025-05-17T06:30:00",
      "arrivalTime": "2025-05-17T07:45:00",
      "checkInOpen": "2025-05-17T04:30:00",
      "checkInClose": "2025-05-17T06:00:00",
      "flightStatus": "On Time",
      "airport": "Mactan-Cebu International Airport",
      "baggageAllowance": "10kg",
      "class": "Business",
      "gate": "C18",
      "seat": "13L",
      "duration": "1h 15m"
    },
    {
      "flightNumber": "5J852",
      "bookingNumber": "B9C4TR",
      "pin": "705381",
      "airline": "Cebu Pacific",
      "departureCity": "Cebu",
      "arrivalCity": "Davao",
      "departureTime": "2025-05-17T08:00:00",
      "arrivalTime": "2025-05-17T09:30:00",
      "checkInOpen": "2025-05-17T06:00:00",
      "checkInClose": "2025-05-17T07:30:00",
      "flightStatus": "Delayed",
      "airport": "Mactan-Cebu International Airport",
      "baggageAllowance": "15kg",
      "class": "Business",
      "gate": "D22",
      "seat": "03A",
      "duration": "1h 30m"
    },
    {
      "flightNumber": "DG6412",
      "bookingNumber": "QW8Z1N",
      "pin": "349027",
      "airline": "Cebgo",
      "departureCity": "Cebu",
      "arrivalCity": "Bacolod",
      "departureTime": "2025-05-17T09:15:00",
      "arrivalTime": "2025-05-17T10:10:00",
      "checkInOpen": "2025-05-17T07:15:00",
      "checkInClose": "2025-05-17T08:45:00",
      "flightStatus": "On Time",
      "airport": "Mactan-Cebu International Airport",
      "baggageAllowance": "0",
      "class": "Business",
      "gate": "E5",
      "seat": "20U",
      "duration": "0h 55m"
    },
    {
      "flightNumber": "Z2875",
      "bookingNumber": "M3L7PE",
      "pin": "194862",
      "airline": "Philippines AirAsia",
      "departureCity": "Cebu",
      "arrivalCity": "Clark",
      "departureTime": "2025-05-17T11:00:00",
      "arrivalTime": "2025-05-17T12:20:00",
      "checkInOpen": "2025-05-17T09:00:00",
      "checkInClose": "2025-05-17T10:30:00",
      "flightStatus": "Boarding",
      "airport": "Mactan-Cebu International Airport",
      "baggageAllowance": "20kg",
      "class": "Business",
      "gate": "F3",
      "seat": "15R",
      "duration": "1h 20m"
    },
    {
      "flightNumber": "PR2331",
      "bookingNumber": "TG94VX",
      "pin": "870135",
      "airline": "Philippine Airlines",
      "departureCity": "Cebu",
      "arrivalCity": "Caticlan",
      "departureTime": "2025-05-17T12:45:00",
      "arrivalTime": "2025-05-17T13:45:00",
      "checkInOpen": "2025-05-17T10:45:00",
      "checkInClose": "2025-05-17T12:15:00",
      "flightStatus": "Cancelled",
      "airport": "Mactan-Cebu International Airport",
      "baggageAllowance": "12kg",
      "class": "Business",
      "gate": "G15",
      "seat": "15A",
      "duration": "1h 0m"
    },
    {
      "flightNumber": "5J568",
      "bookingNumber": "RK51DZ",
      "pin": "560912",
      "airline": "Cebu Pacific",
      "departureCity": "Cebu",
      "arrivalCity": "Iloilo",
      "departureTime": "2025-05-17T14:00:00",
      "arrivalTime": "2025-05-17T15:00:00",
      "checkInOpen": "2025-05-17T12:00:00",
      "checkInClose": "2025-05-17T13:30:00",
      "flightStatus": "On Time",
      "airport": "Mactan-Cebu International Airport",
      "baggageAllowance": "20kg",
      "class": "Economy",
      "gate": "H8",
      "seat": "12B",
      "duration": "1h 0m"
    },
    {
      "flightNumber": "TR385",
      "bookingNumber": "AF8JQ2",
      "pin": "483701",
      "airline": "Scoot",
      "departureCity": "Cebu",
      "arrivalCity": "Singapore",
      "departureTime": "2025-05-17T16:20:00",
      "arrivalTime": "2025-05-17T19:45:00",
      "checkInOpen": "2025-05-17T14:20:00",
      "checkInClose": "2025-05-17T15:50:00",
      "flightStatus": "On Time",
      "airport": "Mactan-Cebu International Airport",
      "baggageAllowance": "10kg",
      "class": "Economy",
      "gate": "T1",
      "seat": "15O",
      "duration": "3h 25m"
    },
    {
      "flightNumber": "Z2611",
      "bookingNumber": "N7WYKL",
      "pin": "637204",
      "airline": "Philippines AirAsia",
      "departureCity": "Cebu",
      "arrivalCity": "Manila",
      "departureTime": "2025-05-17T17:45:00",
      "arrivalTime": "2025-05-17T19:00:00",
      "checkInOpen": "2025-05-17T15:45:00",
      "checkInClose": "2025-05-17T17:15:00",
      "flightStatus": "Delayed",
      "airport": "Mactan-Cebu International Airport",
      "baggageAllowance": "10kg",
      "class": "Economy",
      "gate": "M9",
      "seat": "21R",
      "duration": "1h 15m"
    },
    {
      "flightNumber": "PR410",
      "bookingNumber": "HZ24MC",
      "pin": "102748",
      "airline": "Philippine Airlines",
      "departureCity": "Cebu",
      "arrivalCity": "Tokyo (Narita)",
      "departureTime": "2025-05-17T19:00:00",
      "arrivalTime": "2025-05-17T23:30:00",
      "checkInOpen": "2025-05-17T17:00:00",
      "checkInClose": "2025-05-17T18:30:00",
      "flightStatus": "On Time",
      "airport": "Mactan-Cebu International Airport",
      "baggageAllowance": "20kg",
      "class": "Economy",
      "gate": "B7",
      "seat": "15I",
      "duration": "4h 30m"
    },
    {
      "flightNumber": "5J573",
      "bookingNumber": "VXP3G9",
      "pin": "396150",
      "airline": "Cebu Pacific",
      "departureCity": "Cebu",
      "arrivalCity": "General Santos",
      "departureTime": "2025-05-17T20:30:00",
      "arrivalTime": "2025-05-17T22:00:00",
      "checkInOpen": "2025-05-17T18:30:00",
      "checkInClose": "2025-05-17T20:00:00",
      "flightStatus": "Boarding",
      "airport": "Mactan-Cebu International Airport",
      "baggageAllowance": "10kg",
      "class": "Economy",
      "gate": "A12",
      "seat": "17M",
      "duration": "1h 30m"
    }
  ],
  "Cebu":[
    {
      "hotel_name": "The Marina Bay Sands",
      "location": "Singapore",
      "rating": 4.8,
      "price_per_night": 450,
      "room_type": "Sky View King Room",
      "guests": "2 adults",
      "check_in": "2025-07-15",
      "check_out": "2025-07-17",
      "amenities": ["Infinity Pool", "Spa", "Wi-Fi"],
      "image_url": "https://example.com/images/marina.jpg"
    },
    {
      "hotel_name": "The Langham",
      "location": "London, UK",
      "rating": 4.7,
      "price_per_night": 330,
      "room_type": "Executive Club Room",
      "guests": "2 adults",
      "check_in": "2025-08-05",
      "check_out": "2025-08-10",
      "amenities": ["Butler Service", "Lounge Access", "Free Breakfast"],
      "image_url": "https://example.com/images/langham.jpg"
    },
    {
      "hotel_name": "Hilton Garden Inn",
      "location": "New York, NY",
      "rating": 4.2,
      "price_per_night": 190,
      "room_type": "Queen Room",
      "guests": "1 adult",
      "check_in": "2025-06-01",
      "check_out": "2025-06-03",
      "amenities": ["Gym", "Wi-Fi", "Mini Bar"],
      "image_url": "https://example.com/images/hiltonny.jpg"
    },
    {
      "hotel_name": "Hotel Jen Manila",
      "location": "Manila, Philippines",
      "rating": 4.0,
      "price_per_night": 100,
      "room_type": "Deluxe Twin",
      "guests": "2 adults, 1 child",
      "check_in": "2025-12-01",
      "check_out": "2025-12-05",
      "amenities": ["Buffet Breakfast", "Wi-Fi", "Pool"],
      "image_url": "https://example.com/images/jenmanila.jpg"
    },
    {
      "hotel_name": "Shangri-La Boracay",
      "location": "Boracay, Philippines",
      "rating": 4.9,
      "price_per_night": 520,
      "room_type": "Beach Villa",
      "guests": "4 adults",
      "check_in": "2025-11-10",
      "check_out": "2025-11-15",
      "amenities": ["Private Pool", "Seaside View", "Free Shuttle"],
      "image_url": "https://example.com/images/boracay.jpg"
    },
    {
      "hotel_name": "W Hotel",
      "location": "Barcelona, Spain",
      "rating": 4.6,
      "price_per_night": 350,
      "room_type": "Spectacular Room",
      "guests": "2 adults",
      "check_in": "2025-09-18",
      "check_out": "2025-09-21",
      "amenities": ["Rooftop Bar", "Spa", "Wi-Fi"],
      "image_url": "https://example.com/images/barcelona.jpg"
    },
    {
      "hotel_name": "Novotel Citygate",
      "location": "Hong Kong",
      "rating": 4.3,
      "price_per_night": 210,
      "room_type": "Family Room",
      "guests": "2 adults, 2 children",
      "check_in": "2025-10-01",
      "check_out": "2025-10-04",
      "amenities": ["Free Airport Shuttle", "Wi-Fi", "Shopping Access"],
      "image_url": "https://example.com/images/novotel.jpg"
    },
    {
      "hotel_name": "The Venetian",
      "location": "Las Vegas, USA",
      "rating": 4.8,
      "price_per_night": 420,
      "room_type": "Luxury Suite",
      "guests": "2 adults",
      "check_in": "2025-06-20",
      "check_out": "2025-06-23",
      "amenities": ["Casino", "Restaurants", "Concierge"],
      "image_url": "https://example.com/images/venetian.jpg"
    },
    {
      "hotel_name": "Four Seasons",
      "location": "Kyoto, Japan",
      "rating": 4.9,
      "price_per_night": 500,
      "room_type": "Premier Garden Room",
      "guests": "2 adults",
      "check_in": "2025-04-10",
      "check_out": "2025-04-14",
      "amenities": ["Zen Garden", "Onsen", "Tea Ceremony"],
      "image_url": "https://example.com/images/kyoto.jpg"
    },
    {
      "hotel_name": "Mandarin Oriental",
      "location": "Bangkok, Thailand",
      "rating": 4.7,
      "price_per_night": 380,
      "room_type": "Colonial Room",
      "guests": "2 adults",
      "check_in": "2025-05-01",
      "check_out": "2025-05-03",
      "amenities": ["River View", "Boat Transfers", "Spa"],
      "image_url": "https://example.com/images/bangkok.jpg"
    }
  ]
}