{
    "travelPacks": [
      {
        "id": 1,
        "title": "Weekend Getaway",
        "description": "Perfect for a quick escape from the city",
        "duration": "2-3 days",
        "price": "₱5,999",
        "image": "travelpack1.webp",
        "alt": "Weekend Getaway"
      },
      {
        "id": 2,
        "title": "Island Hopping Adventure",
        "description": "Explore the best beaches the Philippines has to offer",
        "duration": "5-7 days",
        "price": "₱15,999",
        "image": "travelpack2.jpg",
        "alt": "Island Hopping Adventure"
      },
      {
        "id": 3,
        "title": "Cultural Immersion",
        "description": "Experience the rich heritage of Philippine traditions",
        "duration": "4-6 days",
        "price": "₱12,999",
        "image": "travelpack3.jpeg",
        "alt": "Cultural Immersion"
      }
    ]
  }